,6-Phospho-D-gluconate,"D-Fructose 1,6-bisphosphate",D-Fructose 6-phosphate,D-Glucose,D-Glucose 6-phosphate;D-Fructose 6-phosphate;beta-D-glucose 6-phosphate,D-Xylulose 5-phosphate;D-Ribulose 5-phosphate,Dihydroxyacetone phosphate,Glyceraldehyde 3-phosphate,Phosphoenolpyruvate,Pyruvate,Sedoheptulose 7-phosphate
Strain1,341.67529797687985,11670.41143289546,15505.291749903467,18199.191125423764,16005.090500919512,1484.9576541735705,4302.115059636155,648.6112687587956,176.01027371915097,5648.5380278402445,1000.6531577044589
Strain2,98.35288382919862,1536.526496814251,1553.5424487151904,15635.394498766807,14553.77214954891,1125.487446998265,0.0,77.03150673443452,40.437169003493636,6.1507552699622465,255.1555632075724
Strain3,229.97001494793403,10102.414270880901,9542.022192574223,13558.272378009482,12804.115305099775,957.5143557408583,1495.509417706322,324.34536568660405,170.27422796531891,5530.953455258292,779.0971392981264
Strain4,288.05288304350233,9945.4660931271,11002.946595416288,14031.284968975262,14052.313891220292,879.2048975769112,2421.806637884023,410.04628430665616,132.68994604425416,4800.211748791058,867.5251829255503
